x,y,z,Frame_Sequence,Good_Bad
0.41910654306411743,0.4803549349308014,-0.4357680380344391,0.0,0.0
0.423708975315094,0.4540248513221741,-0.42581048607826233,1.0,0.0
0.43009597063064575,0.4299130439758301,-0.40916115045547485,2.0,0.0
0.40508562326431274,0.43558257818222046,-0.42657265067100525,3.0,0.0
0.41734057664871216,0.4423505663871765,-0.40603646636009216,4.0,0.0
0.4416092336177826,0.4427570700645447,-0.3865496814250946,5.0,0.0
0.4799453616142273,0.4587036967277527,-0.20271067321300507,6.0,0.0
0.47635993361473083,0.45373088121414185,-0.29913467168807983,7.0,0.0
0.4715069830417633,0.45560699701309204,-0.29995471239089966,8.0,0.0
0.4103071689605713,0.38738855719566345,-0.4365237355232239,9.0,0.0
0.41798481345176697,0.40680813789367676,-0.3592848479747772,10.0,0.0
0.4254593253135681,0.4059374928474426,-0.36073771119117737,11.0,0.0
0.4289044439792633,0.3763066828250885,-0.6665455102920532,12.0,0.0
0.41064509749412537,0.39766138792037964,-0.29964128136634827,13.0,0.0
0.3963489830493927,0.39543160796165466,-0.358335018157959,14.0,0.0
0.40421414375305176,0.41918545961380005,-0.18223115801811218,15.0,0.0
0.4276210367679596,0.43531760573387146,-0.1793724149465561,16.0,0.0
0.39997076988220215,0.2866877615451813,-0.27814751863479614,17.0,0.0
0.4092174470424652,0.3049167990684509,-0.2415093183517456,18.0,0.0
0.41206541657447815,0.2901538610458374,-0.28037261962890625,19.0,0.0
0.4125681519508362,0.2717638611793518,-0.4412446618080139,20.0,0.0
0.42345261573791504,0.29710811376571655,-0.44236379861831665,21.0,0.0
0.42806077003479004,0.3071816563606262,-0.4479478895664215,22.0,0.0
0.40608420968055725,0.4153919816017151,-0.19960333406925201,23.0,0.0
0.39832597970962524,0.38261300325393677,-0.39879029989242554,24.0,0.0
0.4334567189216614,0.37675806879997253,-0.434551864862442,25.0,0.0
0.43267935514450073,0.4335761070251465,-0.4816465973854065,26.0,0.0
0.4472346901893616,0.46231937408447266,-0.46810340881347656,27.0,0.0
0.4967764914035797,0.4514302611351013,-0.24835233390331268,28.0,0.0
0.5187532305717468,0.4335429072380066,-0.15338413417339325,29.0,0.0
0.5598440170288086,0.41757577657699585,-0.076431043446064,30.0,0.0
0.5863640308380127,0.3475337326526642,-0.09469672292470932,31.0,0.0
0.5923133492469788,0.29481813311576843,-0.060010410845279694,32.0,0.0
0.5812932848930359,0.2543874979019165,0.028333595022559166,33.0,0.0
0.554818332195282,0.24059291183948517,0.03958767279982567,34.0,0.0
0.516783595085144,0.2529725432395935,0.3117137551307678,35.0,0.0
0.5082042217254639,0.22740285098552704,0.2629149258136749,36.0,0.0
0.49596816301345825,0.23832377791404724,-0.01883504167199135,37.0,0.0
0.4561379551887512,0.26470595598220825,0.5606514811515808,38.0,0.0
0.4507758617401123,0.27336496114730835,0.3720267415046692,39.0,0.0
0.4219363331794739,0.42032432556152344,-0.05004921555519104,40.0,0.0
0.4484902024269104,0.4412621855735779,0.05036180093884468,41.0,0.0
0.4313729405403137,0.30764463543891907,-0.13329198956489563,42.0,0.0
0.44269871711730957,0.3411920666694641,0.33708253502845764,43.0,0.0
0.44951915740966797,0.3303983807563782,0.5557647347450256,44.0,0.0
0.4746309816837311,0.4025772213935852,0.3036094307899475,45.0,0.0
0.4706898331642151,0.37377604842185974,0.10319884866476059,46.0,0.0
0.4877234101295471,0.40913763642311096,0.2277800291776657,47.0,0.0
0.4948018491268158,0.40567588806152344,0.21859638392925262,48.0,0.0
0.4891696870326996,0.3659938871860504,0.17700496315956116,49.0,0.0
0.5024621486663818,0.394748330116272,0.08078916370868683,50.0,0.0
0.47791919112205505,0.3588908314704895,0.38302797079086304,51.0,0.0
0.4681529104709625,0.3616740107536316,0.44556742906570435,52.0,0.0
0.45640653371810913,0.3595200777053833,0.40393930673599243,53.0,0.0
0.46091872453689575,0.3572216331958771,0.40015316009521484,54.0,0.0
0.4636456370353699,0.3165310025215149,0.4818836748600006,55.0,0.0
0.46710675954818726,0.2734096646308899,0.5598646402359009,56.0,0.0
0.47478073835372925,0.2753855884075165,0.463273286819458,57.0,0.0
0.47580328583717346,0.2485693395137787,0.43761926889419556,58.0,0.0
0.4906119406223297,0.24718794226646423,0.41550230979919434,59.0,0.0
0.4956212043762207,0.5531926155090332,-0.3696998059749603,0.0,0.0
0.4955925941467285,0.5532610416412354,-0.37324678897857666,1.0,0.0
0.49557122588157654,0.5537343621253967,-0.3700002133846283,2.0,0.0
0.4955340027809143,0.5539258122444153,-0.32866841554641724,3.0,0.0
0.4948950409889221,0.5543409585952759,-0.33418479561805725,4.0,0.0
0.4931510090827942,0.5546373128890991,-0.34566307067871094,5.0,0.0
0.490623414516449,0.554269015789032,-0.36247652769088745,6.0,0.0
0.48896151781082153,0.5547847151756287,-0.3224960267543793,7.0,0.0
0.48674073815345764,0.5540695190429688,-0.33240121603012085,8.0,0.0
0.48410695791244507,0.5528290271759033,-0.4566798210144043,9.0,0.0
0.47732967138290405,0.5513145327568054,-0.46044057607650757,10.0,0.0
0.4632886052131653,0.5522044897079468,-0.45260030031204224,11.0,0.0
0.4519515931606293,0.5519641637802124,-0.44155946373939514,12.0,0.0
0.43903812766075134,0.5519996881484985,-0.3695482909679413,13.0,0.0
0.4194641709327698,0.5495172739028931,-0.365392804145813,14.0,0.0
0.40043097734451294,0.5495615601539612,-0.39082562923431396,15.0,0.0
0.3912995457649231,0.5312514901161194,-0.43434208631515503,16.0,0.0
0.37036633491516113,0.5214802026748657,-0.49347513914108276,17.0,0.0
0.35746949911117554,0.5048732161521912,-0.4531121850013733,18.0,0.0
0.3803914487361908,0.4747580885887146,-0.4523332715034485,19.0,0.0
0.3889867663383484,0.46695494651794434,-0.3529815077781677,20.0,0.0
0.32445237040519714,0.45795711874961853,-0.3985418975353241,21.0,0.0
0.3268212378025055,0.44235366582870483,-0.4254331588745117,22.0,0.0
0.33947446942329407,0.4248952269554138,-0.4120877683162689,23.0,0.0
0.34302765130996704,0.4186552166938782,-0.3671453595161438,24.0,0.0
0.3566223978996277,0.40464186668395996,-0.3377436399459839,25.0,0.0
0.3999899625778198,0.42443710565567017,-0.4611775279045105,26.0,0.0
0.39508771896362305,0.38412219285964966,-0.47596311569213867,27.0,0.0
0.3895496428012848,0.3680875599384308,-0.4366757869720459,28.0,0.0
0.38989752531051636,0.3728697597980499,-0.40700680017471313,29.0,0.0
0.38704314827919006,0.36013785004615784,-0.32993316650390625,30.0,0.0
0.40513381361961365,0.37205687165260315,-0.3681402802467346,31.0,0.0
0.3905854821205139,0.38769418001174927,-0.3338381350040436,32.0,0.0
0.37319308519363403,0.41795510053634644,-0.32940858602523804,33.0,0.0
0.3792341649532318,0.47149473428726196,-0.31968334317207336,34.0,0.0
0.4694763123989105,0.5307173132896423,-0.43231263756752014,35.0,0.0
0.4661727845668793,0.5523298978805542,-0.49415159225463867,36.0,0.0
0.5249809622764587,0.550336480140686,-0.38093119859695435,37.0,0.0
0.5693696737289429,0.5251115560531616,-0.29411402344703674,38.0,0.0
0.603348970413208,0.5201147794723511,-0.18186762928962708,39.0,0.0
0.6293381452560425,0.4419034421443939,0.07425930351018906,40.0,0.0
0.6262220740318298,0.3900432884693146,0.20421838760375977,41.0,0.0
0.6201656460762024,0.3430456817150116,0.07478319853544235,42.0,0.0
0.5897756814956665,0.32829076051712036,0.023717163130640984,43.0,0.0
0.5552393198013306,0.3166664242744446,0.5122812986373901,44.0,0.0
0.5445960164070129,0.30570974946022034,0.10287926346063614,45.0,0.0
0.5400809645652771,0.31694290041923523,0.4086918830871582,46.0,0.0
0.5267677903175354,0.29309093952178955,0.37395772337913513,47.0,0.0
0.5121743679046631,0.29102057218551636,0.15764828026294708,48.0,0.0
0.5096060633659363,0.28995808959007263,0.4621928334236145,49.0,0.0
0.514586865901947,0.3088172972202301,0.45974501967430115,50.0,0.0
0.515926718711853,0.3209443986415863,0.49715977907180786,51.0,0.0
0.5171047449111938,0.3315327763557434,0.10947839170694351,52.0,0.0
0.5184434056282043,0.34055447578430176,-0.12909898161888123,53.0,0.0
0.5179569125175476,0.33636632561683655,0.4932921528816223,54.0,0.0
0.5169992446899414,0.32938486337661743,0.42138370871543884,55.0,0.0
0.5102711319923401,0.32589542865753174,0.3670650124549866,56.0,0.0
0.5234644412994385,0.3206893801689148,0.08636661618947983,57.0,0.0
0.5238940119743347,0.32158681750297546,0.30910220742225647,58.0,0.0
0.5304970741271973,0.32313352823257446,0.3851378858089447,59.0,0.0
0.4829835295677185,0.5409950017929077,-0.40132227540016174,0.0,0.0
0.4739863872528076,0.5407971143722534,-0.45760321617126465,1.0,0.0
0.47302889823913574,0.5345171689987183,-0.44197025895118713,2.0,0.0
0.4612707495689392,0.5316489934921265,-0.4581356942653656,3.0,0.0
0.4423184394836426,0.5302034020423889,-0.4259681701660156,4.0,0.0
0.4196433126926422,0.5263972282409668,-0.4156185984611511,5.0,0.0
0.3966367542743683,0.5256360769271851,-0.44885849952697754,6.0,0.0
0.37803927063941956,0.5176352262496948,-0.441988080739975,7.0,0.0
0.3871477246284485,0.48373427987098694,-0.4888382852077484,8.0,0.0
0.3831709027290344,0.45352402329444885,-0.4833289682865143,9.0,0.0
0.3560085892677307,0.4444515109062195,-0.35866114497184753,10.0,0.0
0.3494502902030945,0.4257362484931946,-0.3822607398033142,11.0,0.0
0.3738902509212494,0.4110299050807953,-0.3965829014778137,12.0,0.0
0.40472325682640076,0.39450976252555847,-0.21742841601371765,13.0,0.0
0.388265460729599,0.3818552494049072,-0.29974839091300964,14.0,0.0
0.38871559500694275,0.35443055629730225,-0.13878057897090912,15.0,0.0
0.40584245324134827,0.35123592615127563,0.15696904063224792,16.0,0.0
0.41083210706710815,0.35485318303108215,0.11566968262195587,17.0,0.0
0.41685813665390015,0.3492719233036041,-0.16895486414432526,18.0,0.0
0.42049989104270935,0.35155779123306274,0.03728866204619408,19.0,0.0
0.42098015546798706,0.3560945391654968,0.07819106429815292,20.0,0.0
0.4239979684352875,0.35112589597702026,0.10475077480077744,21.0,0.0
0.41559576988220215,0.3767721652984619,0.03435604274272919,22.0,0.0
0.39828211069107056,0.4084879457950592,-0.2573445439338684,23.0,0.0
0.38289666175842285,0.46163710951805115,-0.4802280366420746,24.0,0.0
0.3884868323802948,0.5129806399345398,-0.5742546319961548,25.0,0.0
0.4642795920372009,0.5277606248855591,-0.5361471772193909,26.0,0.0
0.5141916275024414,0.5260439515113831,-0.4099977910518646,27.0,0.0
0.5499285459518433,0.5136531591415405,-0.37613579630851746,28.0,0.0
0.5851137042045593,0.498007595539093,-0.4801791310310364,29.0,0.0
0.6228145956993103,0.4151153564453125,-0.1714746057987213,30.0,0.0
0.5962343215942383,0.3702700436115265,0.20208576321601868,31.0,0.0
0.5723332166671753,0.32248568534851074,0.25380080938339233,32.0,0.0
0.5507725477218628,0.2957097887992859,0.28184306621551514,33.0,0.0
0.5446346402168274,0.2929134964942932,0.29767167568206787,34.0,0.0
0.5232827663421631,0.2889746129512787,0.4360939860343933,35.0,0.0
0.48220282793045044,0.30236393213272095,0.6265959739685059,36.0,0.0
0.47601914405822754,0.31438368558883667,0.6496531367301941,37.0,0.0
0.4785744249820709,0.31128498911857605,0.6441814303398132,38.0,0.0
0.4687057137489319,0.3240277171134949,0.7002674341201782,39.0,0.0
0.44996872544288635,0.30247145891189575,0.5111228227615356,40.0,0.0
0.45640093088150024,0.3128373920917511,0.5893024206161499,41.0,0.0
0.4522891640663147,0.3113461434841156,0.6064363121986389,42.0,0.0
0.45363059639930725,0.30028384923934937,0.5421489477157593,43.0,0.0
0.4568535387516022,0.3078773021697998,0.7018498182296753,44.0,0.0
0.4637395739555359,0.3099013864994049,0.691798746585846,45.0,0.0
0.48403826355934143,0.31168133020401,0.5502616167068481,46.0,0.0
0.4935365617275238,0.30757254362106323,0.6382400393486023,47.0,0.0
0.4964424669742584,0.30952486395835876,0.6040534973144531,48.0,0.0
0.5125203728675842,0.35213786363601685,0.5251200199127197,49.0,0.0
0.5441291332244873,0.34512603282928467,0.3366789221763611,50.0,0.0
0.5646673440933228,0.34169715642929077,0.21082058548927307,51.0,0.0
0.5778356790542603,0.350598007440567,0.1132066622376442,52.0,0.0
0.5821748375892639,0.3570857048034668,0.20842206478118896,53.0,0.0
0.5920762419700623,0.3775674104690552,0.060764241963624954,54.0,0.0
0.5889344811439514,0.38546058535575867,0.1756950318813324,55.0,0.0
0.5851337313652039,0.3967742323875427,0.18973234295845032,56.0,0.0
0.5881484150886536,0.42656126618385315,0.1929551661014557,57.0,0.0
0.5872834324836731,0.4449731409549713,0.2037946879863739,58.0,0.0
0.5826960206031799,0.45121607184410095,0.23381593823432922,59.0,0.0
0.5111362934112549,0.5227993130683899,-0.3372984528541565,0.0,0.0
0.5058725476264954,0.521473228931427,-0.2740042805671692,1.0,0.0
0.5069471001625061,0.4814937710762024,-0.31240683794021606,2.0,0.0
0.5052288174629211,0.48079949617385864,-0.27624040842056274,3.0,0.0
0.49070969223976135,0.4946088194847107,-0.29114794731140137,4.0,0.0
0.47791576385498047,0.4991060197353363,-0.2144545614719391,5.0,0.0
0.4754289984703064,0.4870777726173401,-0.24199798703193665,6.0,0.0
0.4529845714569092,0.4914133548736572,-0.3060961067676544,7.0,0.0
0.42506837844848633,0.49278077483177185,-0.31300514936447144,8.0,0.0
0.38057148456573486,0.49846386909484863,-0.32546108961105347,9.0,0.0
0.3888325095176697,0.4914368987083435,-0.30800479650497437,10.0,0.0
0.3873983919620514,0.46519702672958374,-0.18256057798862457,11.0,0.0
0.35684365034103394,0.4681716561317444,-0.2993749976158142,12.0,0.0
0.3501979112625122,0.45510172843933105,-0.3673630356788635,13.0,0.0
0.3509395718574524,0.43403634428977966,-0.27021080255508423,14.0,0.0
0.34531575441360474,0.42417892813682556,-0.27977225184440613,15.0,0.0
0.3476082682609558,0.4075099527835846,-0.2960253655910492,16.0,0.0
0.36054450273513794,0.39038389921188354,-0.11312391608953476,17.0,0.0
0.3638630509376526,0.37839964032173157,-0.15546344220638275,18.0,0.0
0.36652377247810364,0.36124294996261597,-0.3010387122631073,19.0,0.0
0.3886517286300659,0.3478095531463623,-0.36358243227005005,20.0,0.0
0.4012203812599182,0.3394956588745117,-0.21661636233329773,21.0,0.0
0.42550548911094666,0.3395206928253174,-0.34817245602607727,22.0,0.0
0.43061336874961853,0.33498498797416687,-0.5118899941444397,23.0,0.0
0.4458802342414856,0.3345699906349182,-0.5074731111526489,24.0,0.0
0.4417153000831604,0.33430665731430054,-0.441305547952652,25.0,0.0
0.44125255942344666,0.3324835002422333,-0.559731125831604,26.0,0.0
0.4329543113708496,0.343204140663147,-0.5831917524337769,27.0,0.0
0.4468514025211334,0.3466591238975525,-0.40206971764564514,28.0,0.0
0.4444947838783264,0.3743622899055481,-0.4677743911743164,29.0,0.0
0.44031548500061035,0.409074068069458,-0.4936103820800781,30.0,0.0
0.3812439441680908,0.44984668493270874,-0.5042725801467896,31.0,0.0
0.43034106492996216,0.4904252886772156,-0.6251868009567261,32.0,0.0
0.5071710348129272,0.49197736382484436,-0.49981755018234253,33.0,0.0
0.5244655013084412,0.4592727720737457,-0.4109532833099365,34.0,0.0
0.5180927515029907,0.4148262143135071,-0.26116305589675903,35.0,0.0
0.6285783052444458,0.4908961355686188,-0.3292970657348633,36.0,0.0
0.6508615612983704,0.4669283330440521,-0.3603345453739166,37.0,0.0
0.6394151449203491,0.41220623254776,-0.09268796443939209,38.0,0.0
0.5784558057785034,0.4001123309135437,0.1473691165447235,39.0,0.0
0.5056194067001343,0.47228771448135376,0.40977874398231506,40.0,0.0
0.5813557505607605,0.33276185393333435,-0.16246671974658966,41.0,0.0
0.5713993906974792,0.3583046793937683,0.2602156102657318,42.0,0.0
0.5601161122322083,0.43520593643188477,0.2919716238975525,43.0,0.0
0.4876646399497986,0.4026709496974945,0.06050003692507744,44.0,0.0
0.49952492117881775,0.430929571390152,0.15054352581501007,45.0,0.0
0.469845712184906,0.3171510398387909,-0.023122798651456833,46.0,0.0
0.5190116167068481,0.4944351613521576,-0.0853772759437561,47.0,0.0
0.49003416299819946,0.4139307141304016,0.22511859238147736,48.0,0.0
0.4761141240596771,0.39838117361068726,-0.20128333568572998,49.0,0.0
0.489288330078125,0.4304489493370056,-0.08392036706209183,50.0,0.0
0.4657490849494934,0.39141297340393066,-0.25371798872947693,51.0,0.0
0.432718425989151,0.3735201954841614,0.11218388378620148,52.0,0.0
0.4570348262786865,0.3851252794265747,-0.26089587807655334,53.0,0.0
0.46661168336868286,0.3882613480091095,-0.17899221181869507,54.0,0.0
0.4705680310726166,0.3683341145515442,-0.24023866653442383,55.0,0.0
0.4712033271789551,0.3660724461078644,-0.14932045340538025,56.0,0.0
0.4878915250301361,0.37023797631263733,-0.09967027604579926,57.0,0.0
0.5032556056976318,0.39250272512435913,-0.019106872379779816,58.0,0.0
0.5094543099403381,0.3919265866279602,-0.09972603619098663,59.0,0.0
0.451942503452301,0.5202824473381042,-0.5824124813079834,0.0,0.0
0.4301517903804779,0.5204085111618042,-0.6231759786605835,1.0,0.0
0.4028119444847107,0.5161324143409729,-0.5466189384460449,2.0,0.0
0.37623149156570435,0.4967292249202728,-0.5497312545776367,3.0,0.0
0.3613973557949066,0.48233848810195923,-0.6027072668075562,4.0,0.0
0.34267789125442505,0.45598191022872925,-0.6734398603439331,5.0,0.0
0.32238179445266724,0.4232107996940613,-0.7181282043457031,6.0,0.0
0.32372018694877625,0.39291003346443176,-0.866108775138855,7.0,0.0
0.3432438373565674,0.3748243749141693,-0.7857778072357178,8.0,0.0
0.35752958059310913,0.35160475969314575,-0.793897807598114,9.0,0.0
0.3644903302192688,0.32687604427337646,-0.9200121760368347,10.0,0.0
0.3616091310977936,0.29686832427978516,-1.029063105583191,11.0,0.0
0.3682063817977905,0.28970465064048767,-0.9584218859672546,12.0,0.0
0.38074833154678345,0.2859293818473816,-1.045353889465332,13.0,0.0
0.38272997736930847,0.27446940541267395,-0.7441213726997375,14.0,0.0
0.3827025890350342,0.2772018313407898,-1.0662343502044678,15.0,0.0
0.3833464980125427,0.29647722840309143,-0.9435165524482727,16.0,0.0
0.39023301005363464,0.31923535466194153,-1.1824703216552734,17.0,0.0
0.3866647779941559,0.3683273196220398,-1.2779860496520996,18.0,0.0
0.387571781873703,0.4636719226837158,-0.8288650512695312,19.0,0.0
0.4855007231235504,0.5273194313049316,-0.6296714544296265,20.0,0.0
0.5751004815101624,0.5255948305130005,-0.47165483236312866,21.0,0.0
0.6071711182594299,0.4772617220878601,-0.25100064277648926,22.0,0.0
0.6538649201393127,0.4731573462486267,-0.44186821579933167,23.0,0.0
0.6788842082023621,0.36400824785232544,-0.6221035718917847,24.0,0.0
0.6889116764068604,0.29820913076400757,-0.4160170555114746,25.0,0.0
0.6715337038040161,0.2367875874042511,-0.33689188957214355,26.0,0.0
0.6401963233947754,0.20565958321094513,-0.2110934555530548,27.0,0.0
0.6101136803627014,0.17964954674243927,0.2172357589006424,28.0,0.0
0.5907673239707947,0.17482082545757294,0.3781811594963074,29.0,0.0
0.570674479007721,0.18397535383701324,0.3367537558078766,30.0,0.0
0.5245217680931091,0.15957678854465485,-0.061559151858091354,31.0,0.0
0.509067714214325,0.17496269941329956,-0.09747767448425293,32.0,0.0
0.49110451340675354,0.17829608917236328,-0.05276689678430557,33.0,0.0
0.480184406042099,0.1832105666399002,-0.06158990412950516,34.0,0.0
0.45958447456359863,0.1983175128698349,-0.0526202917098999,35.0,0.0
0.46079081296920776,0.20458272099494934,-0.04869113489985466,36.0,0.0
0.45926159620285034,0.20853646099567413,0.2577384114265442,37.0,0.0
0.46508902311325073,0.1997450888156891,0.6403741836547852,38.0,0.0
0.4650757312774658,0.1999741941690445,0.4981430172920227,39.0,0.0
0.47324806451797485,0.2024834156036377,-0.08471984416246414,40.0,0.0
0.4750635623931885,0.200151726603508,-0.014367541298270226,41.0,0.0
0.47520071268081665,0.20195095241069794,0.18919990956783295,42.0,0.0
0.47572627663612366,0.20329168438911438,0.14614038169384003,43.0,0.0
0.47689351439476013,0.20359429717063904,0.1491711437702179,44.0,0.0
0.47735100984573364,0.20000997185707092,0.5944607853889465,45.0,0.0
0.4777807295322418,0.20067104697227478,0.6139679551124573,46.0,0.0
0.47903022170066833,0.19866006076335907,0.22574062645435333,47.0,0.0
0.4929097294807434,0.19533619284629822,-0.11378612369298935,48.0,0.0
0.49410495162010193,0.19475196301937103,0.20101961493492126,49.0,0.0
0.49179258942604065,0.19713808596134186,0.5591763257980347,50.0,0.0
0.49134740233421326,0.1991659253835678,0.5313710570335388,51.0,0.0
0.49106961488723755,0.20366664230823517,0.5265666246414185,52.0,0.0
0.4913763105869293,0.205545112490654,0.42149844765663147,53.0,0.0
0.49270758032798767,0.20556087791919708,0.6553308963775635,54.0,0.0
0.49616289138793945,0.21402117609977722,0.6381424069404602,55.0,0.0
0.500010073184967,0.21365702152252197,0.6595432758331299,56.0,0.0
0.5015465021133423,0.2095237523317337,0.6777868866920471,57.0,0.0
0.5005375742912292,0.2054542601108551,0.577124297618866,58.0,0.0
0.5078274607658386,0.21586711704730988,0.6178658604621887,59.0,0.0
0.5163003206253052,0.4885638356208801,-0.4156021177768707,0.0,0.0
0.5137149095535278,0.48828262090682983,-0.4235101640224457,1.0,0.0
0.5134323835372925,0.49206987023353577,-0.42083436250686646,2.0,0.0
0.514883279800415,0.491372674703598,-0.42174428701400757,3.0,0.0
0.49698060750961304,0.46635350584983826,-0.49525517225265503,4.0,0.0
0.4916965365409851,0.48213618993759155,-0.48388200998306274,5.0,0.0
0.4918316900730133,0.4905022978782654,-0.3994427025318146,6.0,0.0
0.47341451048851013,0.45844411849975586,-0.5706741809844971,7.0,0.0
0.4787878394126892,0.48314183950424194,-0.38240665197372437,8.0,0.0
0.4808739125728607,0.49764490127563477,-0.34190207719802856,9.0,0.0
0.4614064693450928,0.4974900782108307,-0.376629501581192,10.0,0.0
0.45429033041000366,0.3481806516647339,-0.7307097315788269,11.0,0.0
0.4655727744102478,0.455615371465683,-0.44583210349082947,12.0,0.0
0.4155026376247406,0.47337502241134644,-0.46348118782043457,13.0,0.0
0.5125585198402405,0.4947177767753601,-0.34735652804374695,14.0,0.0
0.4118146002292633,0.47592058777809143,-0.4108145833015442,15.0,0.0
0.38668760657310486,0.46976056694984436,-0.4245460033416748,16.0,0.0
0.3471488356590271,0.4701997637748718,-0.5209529995918274,17.0,0.0
0.3267616033554077,0.46844950318336487,-0.5320523977279663,18.0,0.0
0.31324100494384766,0.4572822153568268,-0.5435404777526855,19.0,0.0
0.3143903315067291,0.44639477133750916,-0.5272749662399292,20.0,0.0
0.3085044324398041,0.4354473650455475,-0.5557954907417297,21.0,0.0
0.32156792283058167,0.4293627142906189,-0.39272794127464294,22.0,0.0
0.4282262325286865,0.46826499700546265,-0.44260334968566895,23.0,0.0
0.3448208272457123,0.37954044342041016,-0.442742258310318,24.0,0.0
0.3401646614074707,0.3609119653701782,-0.3997742533683777,25.0,0.0
0.34430164098739624,0.34691137075424194,-0.3898439109325409,26.0,0.0
0.3685193955898285,0.3383568823337555,-0.4610861837863922,27.0,0.0
0.3748070001602173,0.3320520520210266,-0.49535030126571655,28.0,0.0
0.3726508319377899,0.3261450231075287,-0.16196295619010925,29.0,0.0
0.38042646646499634,0.3158012926578522,0.04237017408013344,30.0,0.0
0.3810684084892273,0.3166446089744568,-0.043943412601947784,31.0,0.0
0.3909384608268738,0.31992781162261963,0.04676026105880737,32.0,0.0
0.4014356732368469,0.32315847277641296,-0.145694762468338,33.0,0.0
0.4118591845035553,0.3318168520927429,-0.008912707678973675,34.0,0.0
0.4295332431793213,0.3350456655025482,-0.3146361708641052,35.0,0.0
0.38226214051246643,0.40041232109069824,-0.5196207165718079,36.0,0.0
0.4454178810119629,0.4807807505130768,-0.46995654702186584,37.0,0.0
0.480109304189682,0.5149425268173218,-0.35435986518859863,38.0,0.0
0.501717746257782,0.4799331724643707,-0.5994797945022583,39.0,0.0
0.4819471836090088,0.4785148501396179,-0.4795333445072174,40.0,0.0
0.5568216443061829,0.4583548903465271,-0.17015618085861206,41.0,0.0
0.604370653629303,0.445838063955307,-0.19443506002426147,42.0,0.0
0.622982382774353,0.39231938123703003,-0.1353173553943634,43.0,0.0
0.6270381808280945,0.32868692278862,-0.06166551262140274,44.0,0.0
0.5873546004295349,0.31229549646377563,-0.09396190941333771,45.0,0.0
0.5430005788803101,0.3258976638317108,0.1407679319381714,46.0,0.0
0.4882069528102875,0.3347935080528259,0.13103321194648743,47.0,0.0
0.5072550773620605,0.46975189447402954,0.04537097364664078,48.0,0.0
0.515772819519043,0.45740413665771484,-0.04163520038127899,49.0,0.0
0.4679284691810608,0.2661801874637604,0.06455965340137482,50.0,0.0
0.4739018380641937,0.2725071907043457,0.1912810206413269,51.0,0.0
0.4507034718990326,0.27102598547935486,0.14478282630443573,52.0,0.0
0.46639174222946167,0.2931399345397949,0.10993258655071259,53.0,0.0
0.6490484476089478,0.44489598274230957,0.27271169424057007,54.0,0.0
0.4971911311149597,0.31355005502700806,0.28890079259872437,55.0,0.0
0.49905338883399963,0.3485364615917206,0.2137368619441986,56.0,0.0
0.5242297649383545,0.34570759534835815,0.1614633947610855,57.0,0.0
0.5200166702270508,0.3448616564273834,0.3467194736003876,58.0,0.0
0.5647670030593872,0.4815625548362732,0.171315535902977,59.0,0.0
0.45579633116722107,0.6296406984329224,-0.5821642875671387,0.0,1.0
0.43813052773475647,0.6249832510948181,-0.5469717383384705,1.0,1.0
0.42721325159072876,0.6196942329406738,-0.6096295118331909,2.0,1.0
0.4189261496067047,0.6080470681190491,-0.5749901533126831,3.0,1.0
0.3893083930015564,0.599266767501831,-0.5830053091049194,4.0,1.0
0.35907313227653503,0.590468168258667,-0.5823801159858704,5.0,1.0
0.3398156464099884,0.5818740725517273,-0.5732949376106262,6.0,1.0
0.32910802960395813,0.5681363940238953,-0.611591637134552,7.0,1.0
0.3159696161746979,0.5566792488098145,-0.4713051915168762,8.0,1.0
0.32040470838546753,0.5447853803634644,-0.462498277425766,9.0,1.0
0.3431592583656311,0.5162657499313354,-0.4408799707889557,10.0,1.0
0.3187096118927002,0.5208463668823242,-0.39498788118362427,11.0,1.0
0.3230820298194885,0.5142157673835754,-0.29261550307273865,12.0,1.0
0.33108168840408325,0.5078006386756897,-0.2303503006696701,13.0,1.0
0.33695873618125916,0.5008919835090637,-0.21390481293201447,14.0,1.0
0.4076445996761322,0.4900902509689331,-0.7852789163589478,15.0,1.0
0.3697841465473175,0.4928765296936035,-0.5799729228019714,16.0,1.0
0.35902339220046997,0.490190714597702,-0.48788827657699585,17.0,1.0
0.3590453267097473,0.4884316027164459,-0.21678802371025085,18.0,1.0
0.36457082629203796,0.48801130056381226,-0.0018177013844251633,19.0,1.0
0.36639201641082764,0.48961320519447327,-0.03627437725663185,20.0,1.0
0.3705675005912781,0.4878830909729004,-0.09281904995441437,21.0,1.0
0.37256595492362976,0.484914094209671,-0.13098487257957458,22.0,1.0
0.3748154044151306,0.4880126416683197,-0.23171254992485046,23.0,1.0
0.3647138476371765,0.49026939272880554,-0.1322653591632843,24.0,1.0
0.35467010736465454,0.4906597137451172,-0.1799887716770172,25.0,1.0
0.34699180722236633,0.49574026465415955,-0.15221869945526123,26.0,1.0
0.33775752782821655,0.508203387260437,-0.22860810160636902,27.0,1.0
0.33546504378318787,0.5230050683021545,-0.2815020680427551,28.0,1.0
0.3331286311149597,0.546698272228241,-0.4231458604335785,29.0,1.0
0.33784955739974976,0.5776475667953491,-0.6397351026535034,30.0,1.0
0.3837079405784607,0.6081907749176025,-0.631842851638794,31.0,1.0
0.4636481702327728,0.6267931461334229,-0.6808099150657654,32.0,1.0
0.4844650626182556,0.6479066610336304,-0.5786049365997314,33.0,1.0
0.5483760833740234,0.6517009735107422,-0.5282471179962158,34.0,1.0
0.5962134003639221,0.6508751511573792,-0.5182181596755981,35.0,1.0
0.6432852149009705,0.633610188961029,-0.29698646068573,36.0,1.0
0.6486198306083679,0.6363731026649475,-0.3859228193759918,37.0,1.0
0.6547985076904297,0.6161864995956421,-0.24039554595947266,38.0,1.0
0.7033199071884155,0.5879124999046326,-0.2412223368883133,39.0,1.0
0.7157270908355713,0.5626824498176575,-0.2951011061668396,40.0,1.0
0.7274736762046814,0.5359318256378174,-0.5072618126869202,41.0,1.0
0.6907235383987427,0.5265660285949707,-0.3011700510978699,42.0,1.0
0.6048678159713745,0.5508835911750793,0.2521897554397583,43.0,1.0
0.5236209630966187,0.5943385362625122,0.14412841200828552,44.0,1.0
0.522240936756134,0.5475468039512634,0.401599645614624,45.0,1.0
0.49498313665390015,0.5503642559051514,0.5717504620552063,46.0,1.0
0.5363143682479858,0.5994358658790588,0.14530904591083527,47.0,1.0
0.5497273206710815,0.5396876931190491,0.38711199164390564,48.0,1.0
0.5458464026451111,0.548244297504425,0.38742703199386597,49.0,1.0
0.5496706962585449,0.5489980578422546,0.11554276943206787,50.0,1.0
0.5713960528373718,0.5351272821426392,0.29807889461517334,51.0,1.0
0.5712417364120483,0.5387624502182007,0.4597019553184509,52.0,1.0
0.5542445778846741,0.5422494411468506,0.6105852127075195,53.0,1.0
0.5456779599189758,0.5365073680877686,0.7284208536148071,54.0,1.0
0.5384811162948608,0.5480481386184692,0.5427371859550476,55.0,1.0
0.5415377020835876,0.5223724842071533,0.7321271300315857,56.0,1.0
0.5340744853019714,0.5609534978866577,0.5712443590164185,57.0,1.0
0.5336923003196716,0.5905978083610535,0.41738957166671753,58.0,1.0
0.5358960628509521,0.5734549760818481,0.6158508658409119,59.0,1.0
0.3606565594673157,0.5348881483078003,-0.44542208313941956,0.0,1.0
0.3364012837409973,0.5271602272987366,-0.4483136236667633,1.0,1.0
0.32635363936424255,0.5181604027748108,-0.40591922402381897,2.0,1.0
0.3295603096485138,0.5101783275604248,-0.3955325782299042,3.0,1.0
0.33170339465141296,0.5033354759216309,-0.38794201612472534,4.0,1.0
0.33131715655326843,0.49692317843437195,-0.4051132798194885,5.0,1.0
0.32253843545913696,0.4882843792438507,-0.41313284635543823,6.0,1.0
0.3260698616504669,0.48243066668510437,-0.3740723431110382,7.0,1.0
0.32391780614852905,0.47488245368003845,-0.37927165627479553,8.0,1.0
0.32624778151512146,0.4708523154258728,-0.3695164918899536,9.0,1.0
0.32531729340553284,0.46632125973701477,-0.34147804975509644,10.0,1.0
0.32545286417007446,0.4616914391517639,-0.3367679715156555,11.0,1.0
0.3232349753379822,0.4549120366573334,-0.3514311611652374,12.0,1.0
0.32323920726776123,0.4495701193809509,-0.52449631690979,13.0,1.0
0.3231309950351715,0.4451506435871124,-0.45733848214149475,14.0,1.0
0.3228345513343811,0.4453260600566864,-0.451808363199234,15.0,1.0
0.3217777609825134,0.44536182284355164,-0.6163200736045837,16.0,1.0
0.3222430646419525,0.4463970363140106,-0.6944953203201294,17.0,1.0
0.32256123423576355,0.4472302198410034,-0.6028537154197693,18.0,1.0
0.3194699287414551,0.4456872344017029,-0.5785120725631714,19.0,1.0
0.31905269622802734,0.44848644733428955,-0.3611984848976135,20.0,1.0
0.31740275025367737,0.45464494824409485,-0.4189531207084656,21.0,1.0
0.3137355446815491,0.47446733713150024,-0.48664790391921997,22.0,1.0
0.31203213334083557,0.4876713156700134,-0.4867854118347168,23.0,1.0
0.31237348914146423,0.5055164098739624,-0.47483134269714355,24.0,1.0
0.3197479844093323,0.5276833772659302,-0.5116854906082153,25.0,1.0
0.37493106722831726,0.5545424818992615,-0.5800209045410156,26.0,1.0
0.43055424094200134,0.580617368221283,-0.5653899908065796,27.0,1.0
0.4922195076942444,0.5923174619674683,-0.48274126648902893,28.0,1.0
0.5578870177268982,0.5919855833053589,-0.4429965019226074,29.0,1.0
0.5999491810798645,0.5867255926132202,-0.371448278427124,30.0,1.0
0.6320595741271973,0.5707077980041504,-0.18433237075805664,31.0,1.0
0.6358540654182434,0.5364083647727966,-0.22115953266620636,32.0,1.0
0.6614061594009399,0.5221917629241943,-0.220632866024971,33.0,1.0
0.6813231706619263,0.5010559558868408,-0.2971571087837219,34.0,1.0
0.677423357963562,0.4798068404197693,-0.009189562872052193,35.0,1.0
0.6264041662216187,0.46118226647377014,0.4506947100162506,36.0,1.0
0.6229970455169678,0.4313032329082489,0.11998876184225082,37.0,1.0
0.5758892297744751,0.4156206548213959,0.274059534072876,38.0,1.0
0.5612289905548096,0.44265881180763245,0.49172186851501465,39.0,1.0
0.5324815511703491,0.4715613126754761,0.6857096552848816,40.0,1.0
0.5744453072547913,0.432670533657074,0.49914151430130005,41.0,1.0
0.5725778937339783,0.4398280084133148,0.6353210210800171,42.0,1.0
0.5649534463882446,0.44618886709213257,0.7501605749130249,43.0,1.0
0.5582433938980103,0.45383453369140625,0.755350649356842,44.0,1.0
0.5561700463294983,0.451520174741745,0.8492314219474792,45.0,1.0
0.5545495748519897,0.4499073624610901,0.8394380807876587,46.0,1.0
0.5519590377807617,0.4496532678604126,0.8413419723510742,47.0,1.0
0.5495067834854126,0.44758933782577515,0.8233664631843567,48.0,1.0
0.5452520847320557,0.4500029981136322,0.8021451830863953,49.0,1.0
0.5415400266647339,0.44591447710990906,0.7725871205329895,50.0,1.0
0.5401627421379089,0.45226913690567017,0.88648521900177,51.0,1.0
0.5556123852729797,0.4497200548648834,0.6610730886459351,52.0,1.0
0.5605461597442627,0.4496828615665436,0.6638924479484558,53.0,1.0
0.5621873140335083,0.44221732020378113,0.5831323862075806,54.0,1.0
0.5621786713600159,0.44063177704811096,0.6324445009231567,55.0,1.0
0.5329020619392395,0.5325105786323547,0.5021483302116394,56.0,1.0
0.5250140428543091,0.5118659734725952,0.5806414484977722,57.0,1.0
0.555557906627655,0.4819408655166626,0.6163474321365356,58.0,1.0
0.5691601037979126,0.4783327281475067,0.5362334847450256,59.0,1.0
0.5359556674957275,0.6015466451644897,-0.43326514959335327,0.0,1.0
0.5330029726028442,0.6019133925437927,-0.46704667806625366,1.0,1.0
0.5257352590560913,0.6017481684684753,-0.5247858166694641,2.0,1.0
0.5159325003623962,0.6025846004486084,-0.5288531184196472,3.0,1.0
0.5120891332626343,0.6025599241256714,-0.5054930448532104,4.0,1.0
0.5058839917182922,0.6018191576004028,-0.5119143128395081,5.0,1.0
0.49045896530151367,0.6014885306358337,-0.5349777936935425,6.0,1.0
0.4735409617424011,0.5990580916404724,-0.5184683799743652,7.0,1.0
0.45805472135543823,0.5969802141189575,-0.5810021162033081,8.0,1.0
0.44448572397232056,0.5891918540000916,-0.6548804044723511,9.0,1.0
0.4274105429649353,0.5827670097351074,-0.6779876947402954,10.0,1.0
0.4131835997104645,0.5751609802246094,-0.6605087518692017,11.0,1.0
0.3970959782600403,0.5678924322128296,-0.6536909341812134,12.0,1.0
0.3999873399734497,0.5586521625518799,-0.6241648197174072,13.0,1.0
0.3885336220264435,0.5494651794433594,-0.6136993169784546,14.0,1.0
0.39550691843032837,0.5408608913421631,-0.16078625619411469,15.0,1.0
0.3759523034095764,0.5407131314277649,-0.47136345505714417,16.0,1.0
0.3696947395801544,0.5392987728118896,-0.4657076299190521,17.0,1.0
0.3784800171852112,0.5389142632484436,-0.4897952973842621,18.0,1.0
0.3634398579597473,0.5404937863349915,-0.6256588101387024,19.0,1.0
0.370572954416275,0.5441344976425171,-0.6896790266036987,20.0,1.0
0.38689130544662476,0.5547177791595459,-0.6833458542823792,21.0,1.0
0.4095531404018402,0.5754404067993164,-0.6496793627738953,22.0,1.0
0.47166696190834045,0.5992568135261536,-0.6271322965621948,23.0,1.0
0.537244439125061,0.6111485958099365,-0.6195942759513855,24.0,1.0
0.5820704102516174,0.6104766130447388,-0.6185489892959595,25.0,1.0
0.6164261102676392,0.5986423492431641,-0.4068196713924408,26.0,1.0
0.6370149850845337,0.5667063593864441,-0.23749451339244843,27.0,1.0
0.6699116230010986,0.5279896855354309,-0.0962032675743103,28.0,1.0
0.6809180974960327,0.48672738671302795,-0.2951661944389343,29.0,1.0
0.6200703382492065,0.4613651633262634,0.536505401134491,30.0,1.0
0.6785447001457214,0.4451971650123596,-0.019710682332515717,31.0,1.0
0.6559761762619019,0.4296640455722809,-0.14389126002788544,32.0,1.0
0.6632912755012512,0.4047048091888428,-0.015112467110157013,33.0,1.0
0.6455674171447754,0.4043075740337372,0.48212379217147827,34.0,1.0
0.6346494555473328,0.39855101704597473,0.396023690700531,35.0,1.0
0.6265355944633484,0.3938099443912506,0.43745437264442444,36.0,1.0
0.6260775327682495,0.3884819447994232,0.43769246339797974,37.0,1.0
0.6240559816360474,0.39387622475624084,0.5051299333572388,38.0,1.0
0.6086634993553162,0.39498457312583923,0.5578526258468628,39.0,1.0
0.6042114496231079,0.3955032229423523,0.5045484304428101,40.0,1.0
0.6117398738861084,0.38972505927085876,0.47435349225997925,41.0,1.0
0.6168777942657471,0.3902534246444702,0.44097861647605896,42.0,1.0
0.6051580309867859,0.3965719938278198,0.49668174982070923,43.0,1.0
0.5983843207359314,0.39886218309402466,0.5643770098686218,44.0,1.0
0.5980542302131653,0.3997138738632202,0.6050912737846375,45.0,1.0
0.5983165502548218,0.40094101428985596,0.5706791281700134,46.0,1.0
0.5905102491378784,0.40162384510040283,0.6027055978775024,47.0,1.0
0.5850207805633545,0.405019074678421,0.7158182859420776,48.0,1.0
0.5874376893043518,0.40561211109161377,0.6188436150550842,49.0,1.0
0.5885385274887085,0.4058358073234558,0.5404601693153381,50.0,1.0
0.609993040561676,0.395285964012146,0.3787689208984375,51.0,1.0
0.6244837045669556,0.3926769196987152,0.37002989649772644,52.0,1.0
0.6402530074119568,0.39406871795654297,0.3435910642147064,53.0,1.0
0.6464170813560486,0.3941008150577545,0.3755289316177368,54.0,1.0
0.6475268006324768,0.38763388991355896,0.38643354177474976,55.0,1.0
0.6406818628311157,0.3898967206478119,0.39993545413017273,56.0,1.0
0.6363250017166138,0.39065444469451904,0.5101509094238281,57.0,1.0
0.6214349269866943,0.3916704058647156,0.5701610445976257,58.0,1.0
0.6234894394874573,0.3943499028682709,0.518114447593689,59.0,1.0
0.6609647870063782,0.5269925594329834,-0.5055594444274902,0.0,1.0
0.657749354839325,0.5291427373886108,-0.503118097782135,1.0,1.0
0.648163914680481,0.5291252136230469,-0.503390908241272,2.0,1.0
0.6073697209358215,0.528194785118103,-0.5359070897102356,3.0,1.0
0.599933385848999,0.5281444191932678,-0.5196815133094788,4.0,1.0
0.5777742862701416,0.5231685638427734,-0.5167829990386963,5.0,1.0
0.5577513575553894,0.5102294683456421,-0.4314691722393036,6.0,1.0
0.5541646480560303,0.5075650811195374,-0.43415960669517517,7.0,1.0
0.5040083527565002,0.4894769489765167,-0.38782811164855957,8.0,1.0
0.5014285445213318,0.48667123913764954,-0.37869614362716675,9.0,1.0
0.4877675473690033,0.4686606228351593,-0.40080147981643677,10.0,1.0
0.4714216887950897,0.4198949635028839,-0.3026847839355469,11.0,1.0
0.47056135535240173,0.4167550504207611,-0.31840845942497253,12.0,1.0
0.482957124710083,0.3927064538002014,-0.2863054573535919,13.0,1.0
0.49881988763809204,0.34918391704559326,-0.271352082490921,14.0,1.0
0.5027995109558105,0.34887030720710754,-0.2747478783130646,15.0,1.0
0.5527836680412292,0.3245527148246765,-0.4170377552509308,16.0,1.0
0.5541508793830872,0.3110591471195221,-0.2118964046239853,17.0,1.0
0.5534447431564331,0.3113768994808197,-0.2515828311443329,18.0,1.0
0.5709483623504639,0.3020291328430176,-0.1878354400396347,19.0,1.0
0.5604697465896606,0.30024704337120056,-0.16980069875717163,20.0,1.0
0.5575289726257324,0.3008759915828705,-0.21713757514953613,21.0,1.0
0.5569586753845215,0.29448673129081726,-0.10624769330024719,22.0,1.0
0.539362907409668,0.31062042713165283,-0.18155869841575623,23.0,1.0
0.5369864702224731,0.3144884407520294,-0.1148674339056015,24.0,1.0
0.510829746723175,0.3417840003967285,-0.38920512795448303,25.0,1.0
0.6792836785316467,0.4973208010196686,-0.29924866557121277,26.0,1.0
0.6932199001312256,0.513575553894043,-0.26626861095428467,27.0,1.0
0.5427268743515015,0.4872604310512543,-0.6263765692710876,28.0,1.0
0.6104298233985901,0.4898902177810669,-0.48536211252212524,29.0,1.0
0.6110520362854004,0.5026254057884216,-0.45122337341308594,30.0,1.0
0.7072956562042236,0.47930216789245605,-0.19644764065742493,31.0,1.0
0.7434850335121155,0.47144630551338196,-0.16129891574382782,32.0,1.0
0.7468072772026062,0.4648737907409668,-0.16826188564300537,33.0,1.0
0.7916678786277771,0.3768160939216614,-0.27923154830932617,34.0,1.0
0.7810474634170532,0.31673628091812134,-0.29726260900497437,35.0,1.0
0.7746075391769409,0.31138476729393005,-0.3101363182067871,36.0,1.0
0.7855081558227539,0.2704673409461975,0.05167680233716965,37.0,1.0
0.7622683048248291,0.27076661586761475,0.21366780996322632,38.0,1.0
0.7615320682525635,0.2565656900405884,0.1950133889913559,39.0,1.0
0.7415869832038879,0.23134759068489075,0.3743205666542053,40.0,1.0
0.7350883483886719,0.20049472153186798,0.20662668347358704,41.0,1.0
0.7327369451522827,0.1943608671426773,0.1555842161178589,42.0,1.0
0.7177515029907227,0.183937668800354,0.2654779255390167,43.0,1.0
0.7038737535476685,0.18891972303390503,0.3751133382320404,44.0,1.0
0.6980355978012085,0.18532772362232208,0.4142269194126129,45.0,1.0
0.6853199601173401,0.18899263441562653,0.35195794701576233,46.0,1.0
0.6825594305992126,0.1980818659067154,0.5817139744758606,47.0,1.0
0.666136622428894,0.20258738100528717,0.643458366394043,48.0,1.0
0.6691409349441528,0.2087073177099228,0.6630801558494568,49.0,1.0
0.676328718662262,0.21080033481121063,0.5931300520896912,50.0,1.0
0.6692028045654297,0.21220968663692474,0.6194467544555664,51.0,1.0
0.6671261191368103,0.2113356739282608,0.6141687631607056,52.0,1.0
0.6623907089233398,0.2140800654888153,0.6103326082229614,53.0,1.0
0.661180853843689,0.21542926132678986,0.6354769468307495,54.0,1.0
0.655579149723053,0.2191174179315567,0.6451820135116577,55.0,1.0
0.6833344101905823,0.22391009330749512,0.5402737259864807,56.0,1.0
0.6891701817512512,0.23797065019607544,0.5595471858978271,57.0,1.0
0.6968425512313843,0.23585368692874908,0.5586510896682739,58.0,1.0
0.6999766826629639,0.2346072793006897,0.5605030655860901,59.0,1.0
0.6400288343429565,0.5235461592674255,-0.3808799684047699,0.0,1.0
0.6313125491142273,0.5236719250679016,-0.47687146067619324,1.0,1.0
0.6278604865074158,0.5250808000564575,-0.48211246728897095,2.0,1.0
0.6062359809875488,0.5249903202056885,-0.49182718992233276,3.0,1.0
0.5820254683494568,0.5216697454452515,-0.5184093713760376,4.0,1.0
0.5824326276779175,0.5181496143341064,-0.49474287033081055,5.0,1.0
0.557488203048706,0.5147111415863037,-0.48621898889541626,6.0,1.0
0.5005848407745361,0.5032596588134766,-0.4467907249927521,7.0,1.0
0.4986918270587921,0.49963080883026123,-0.428510457277298,8.0,1.0
0.47769829630851746,0.4937947988510132,-0.4443282186985016,9.0,1.0
0.4516579508781433,0.4610305726528168,-0.43653976917266846,10.0,1.0
0.44914668798446655,0.4567227363586426,-0.43789345026016235,11.0,1.0
0.4424988925457001,0.42418208718299866,-0.41355422139167786,12.0,1.0
0.4390150308609009,0.40042468905448914,-0.40515822172164917,13.0,1.0
0.4385271668434143,0.3993498980998993,-0.39419034123420715,14.0,1.0
0.4603955149650574,0.3569139838218689,-0.3481613099575043,15.0,1.0
0.49525341391563416,0.3305494487285614,-0.29219257831573486,16.0,1.0
0.5034080147743225,0.3327940106391907,-0.2987872362136841,17.0,1.0
0.5092320442199707,0.31647688150405884,-0.13069745898246765,18.0,1.0
0.519378125667572,0.3018130362033844,0.016406642273068428,19.0,1.0
0.5222287774085999,0.3016904294490814,-0.007885103113949299,20.0,1.0
0.5216296911239624,0.3008158206939697,0.010300238616764545,21.0,1.0
0.5183234810829163,0.2990259826183319,0.015293454751372337,22.0,1.0
0.5169989466667175,0.29819369316101074,-0.02877129428088665,23.0,1.0
0.5074814558029175,0.3101595342159271,-0.08693224936723709,24.0,1.0
0.47380879521369934,0.35930439829826355,-0.38721799850463867,25.0,1.0
0.5171554088592529,0.3643958270549774,-0.31031090021133423,26.0,1.0
0.46983128786087036,0.41587427258491516,-0.5592440366744995,27.0,1.0
0.5191043615341187,0.469550758600235,-0.6651405096054077,28.0,1.0
0.5248597264289856,0.4732619822025299,-0.7515174150466919,29.0,1.0
0.637372612953186,0.4809231162071228,-0.6449097394943237,30.0,1.0
0.6905628442764282,0.4646011292934418,-0.15115581452846527,31.0,1.0
0.6919434666633606,0.46609169244766235,-0.17236241698265076,32.0,1.0
0.7372992634773254,0.4105629026889801,-0.2501102089881897,33.0,1.0
0.7533553838729858,0.3489973843097687,-0.44127291440963745,34.0,1.0
0.7559131383895874,0.3433796763420105,-0.43652069568634033,35.0,1.0
0.7384240031242371,0.2916091978549957,-0.39459335803985596,36.0,1.0
0.7079380750656128,0.2839095890522003,0.6191396713256836,37.0,1.0
0.6926115155220032,0.2772263288497925,0.6096975803375244,38.0,1.0
0.6841817498207092,0.228781595826149,0.5119157433509827,39.0,1.0
0.6701834201812744,0.1916058361530304,0.4570454955101013,40.0,1.0
0.6628116369247437,0.19505947828292847,0.5561701059341431,41.0,1.0
0.6427620649337769,0.21773439645767212,0.5417066216468811,42.0,1.0
0.6227284073829651,0.2400103211402893,0.6757264137268066,43.0,1.0
0.6181210875511169,0.21934159100055695,0.663088858127594,44.0,1.0
0.5944474935531616,0.22529152035713196,0.6715599298477173,45.0,1.0
0.5926104784011841,0.22468069195747375,0.5745975375175476,46.0,1.0
0.5839613080024719,0.2143843173980713,0.35211181640625,47.0,1.0
0.5944006443023682,0.22222308814525604,0.6349017024040222,48.0,1.0
0.5982411503791809,0.22443887591362,0.6505054235458374,49.0,1.0
0.5970380306243896,0.21944698691368103,0.6675227284431458,50.0,1.0
0.5977626442909241,0.21839453279972076,0.6561654210090637,51.0,1.0
0.5983144044876099,0.218140110373497,0.6468690037727356,52.0,1.0
0.5989707708358765,0.22006788849830627,0.6861206889152527,53.0,1.0
0.5983486175537109,0.2228182703256607,0.6734258532524109,54.0,1.0
0.6069487929344177,0.2127590775489807,0.6371913552284241,55.0,1.0
0.60733962059021,0.22715404629707336,0.7772518396377563,56.0,1.0
0.6084473133087158,0.23625434935092926,0.7093403935432434,57.0,1.0
0.6090355515480042,0.23997044563293457,0.7276238203048706,58.0,1.0
0.6229227781295776,0.2348240464925766,0.6366642713546753,59.0,1.0
0.704656183719635,0.5126996636390686,-0.3899344205856323,0.0,1.0
0.7038382291793823,0.5138210654258728,-0.38585931062698364,1.0,1.0
0.69850754737854,0.5140362977981567,-0.4803328216075897,2.0,1.0
0.6957529187202454,0.5141897797584534,-0.5238147377967834,3.0,1.0
0.6768646836280823,0.5140616297721863,-0.5223845839500427,4.0,1.0
0.646146833896637,0.5172646045684814,-0.5431947112083435,5.0,1.0
0.6389653086662292,0.5237548351287842,-0.5076218247413635,6.0,1.0
0.6134355068206787,0.5111188292503357,-0.4925687909126282,7.0,1.0
0.576903223991394,0.5048930048942566,-0.42038694024086,8.0,1.0
0.5699774622917175,0.5050735473632812,-0.4162161648273468,9.0,1.0
0.5491364598274231,0.5028650760650635,-0.42874425649642944,10.0,1.0
0.5166960954666138,0.4674493968486786,-0.38486039638519287,11.0,1.0
0.514811098575592,0.4637003540992737,-0.3551960587501526,12.0,1.0
0.5074228048324585,0.4389912486076355,-0.3210119605064392,13.0,1.0
0.513391375541687,0.3967782258987427,-0.24299730360507965,14.0,1.0
0.5157888531684875,0.3936711251735687,-0.18435071408748627,15.0,1.0
0.5861930251121521,0.30783331394195557,-0.4485328793525696,16.0,1.0
0.589695930480957,0.3188704252243042,-0.2190663069486618,17.0,1.0
0.5917192697525024,0.31745466589927673,-0.22779671847820282,18.0,1.0
0.596598744392395,0.30174970626831055,-0.14307941496372223,19.0,1.0
0.5947067141532898,0.3069410026073456,-0.34345874190330505,20.0,1.0
0.6026178002357483,0.3058169186115265,-0.36586809158325195,21.0,1.0
0.60069340467453,0.30759185552597046,-0.4176188111305237,22.0,1.0
0.5987152457237244,0.30940955877304077,-0.46833622455596924,23.0,1.0
0.5998777747154236,0.30886098742485046,-0.5064086318016052,24.0,1.0
0.5904333591461182,0.3150278627872467,-0.393894225358963,25.0,1.0
0.5849138498306274,0.31636834144592285,-0.3909672200679779,26.0,1.0
0.5392261743545532,0.3543325662612915,-0.338449090719223,27.0,1.0
0.5183016657829285,0.4095577299594879,-0.6973859071731567,28.0,1.0
0.5184054970741272,0.4163251221179962,-0.7232186794281006,29.0,1.0
0.5944374203681946,0.47815605998039246,-0.5464072823524475,30.0,1.0
0.6770450472831726,0.48466962575912476,-0.36134541034698486,31.0,1.0
0.6775668263435364,0.49259766936302185,-0.3686280846595764,32.0,1.0
0.7362363934516907,0.4758087694644928,-0.26500657200813293,33.0,1.0
0.8134332299232483,0.40735843777656555,-0.1856292486190796,34.0,1.0
0.8183273077011108,0.3966652750968933,-0.23554013669490814,35.0,1.0
0.8434841632843018,0.3403930068016052,-0.28982651233673096,36.0,1.0
0.8312986493110657,0.2595652639865875,0.10333530604839325,37.0,1.0
0.8420017957687378,0.240570068359375,0.09370533376932144,38.0,1.0
0.8240913152694702,0.22829222679138184,0.13360477983951569,39.0,1.0
0.7953717708587646,0.2567223310470581,0.25449037551879883,40.0,1.0
0.7849860191345215,0.26922258734703064,0.3664051592350006,41.0,1.0
0.7588096857070923,0.2702954411506653,0.27633023262023926,42.0,1.0
0.7358922362327576,0.2611660361289978,0.5119271874427795,43.0,1.0
0.7328192591667175,0.2572043240070343,0.5149415135383606,44.0,1.0
0.700782060623169,0.1968664526939392,0.5577852725982666,45.0,1.0
0.7185748815536499,0.33538350462913513,0.557360053062439,46.0,1.0
0.7185576558113098,0.33079248666763306,0.643250048160553,47.0,1.0
0.671057939529419,0.2556876838207245,0.6788750290870667,48.0,1.0
0.6457117199897766,0.23453405499458313,0.5093695521354675,49.0,1.0
0.6430213451385498,0.23142185807228088,0.4970411956310272,50.0,1.0
0.623268723487854,0.2437962144613266,0.7251745462417603,51.0,1.0
0.6475979089736938,0.2506830394268036,0.7162805199623108,52.0,1.0
0.652671754360199,0.25437572598457336,0.7215883135795593,53.0,1.0
0.6533605456352234,0.24770601093769073,0.7036584615707397,54.0,1.0
0.6506624221801758,0.24966591596603394,0.7556069493293762,55.0,1.0
0.6518606543540955,0.25051596760749817,0.7600349187850952,56.0,1.0
0.653668999671936,0.24547427892684937,0.7844410538673401,57.0,1.0
0.6556371450424194,0.23793061077594757,0.7139986753463745,58.0,1.0
0.6566804051399231,0.23541711270809174,0.6956846714019775,59.0,1.0
0.6971848607063293,0.4315681755542755,-0.11648260056972504,0.0,1.0
